c,t,trials,precision_obs_mean,precision_theory,recall_obs_mean,f1_obs_mean,f1_theory,aupr_obs_mean,aupr_theory,f1_abs_error_mean,aupr_abs_error_mean,f1_bias,aupr_bias,f1_bias_abs,aupr_bias_abs
0.05,50,457,0.053741794310722096,0.05,1.0,0.1006440757408818,0.09523809523809523,0.1272440017122527,0.13548490140293057,0.041328782547354594,0.08732540042809632,0.005405980502786567,-0.008240899690677872,0.005405980502786567,0.008240899690677872
0.05,200,500,0.04911,0.05,1.0,0.09325887850230294,0.09523809523809523,0.07196714747287321,0.07792064700355214,0.020749184276814388,0.030243259046795975,-0.001979216735792294,-0.005953499530678932,0.001979216735792294,0.005953499530678932
0.05,1000,500,0.050316,0.05,1.0,0.09573303952627546,0.09523809523809523,0.057338474859065174,0.05711119731752282,0.00986300967179805,0.010212700358081967,0.0004949442881802268,0.00022727754154235058,0.0004949442881802268,0.00022727754154235058
0.05,5000,500,0.049826,0.05,1.0,0.09490533133111846,0.09523809523809523,0.05125537042851967,0.05172795668206705,0.0045132703385073235,0.0036646914696510094,-0.0003327639069767713,-0.0004725862535473746,0.0003327639069767713,0.0004725862535473746
0.1,50,493,0.10073022312373225,0.1,1.0,0.1803039810548531,0.18181818181818182,0.15557064384763983,0.18098569606593423,0.055873330334954244,0.07892909645527209,-0.0015142007633287269,-0.025415052218294404,0.0015142007633287269,0.025415052218294404
0.1,200,500,0.10101,0.1,1.0,0.1828580213072033,0.18181818181818182,0.12348570821664837,0.12645113926652307,0.026167481176169422,0.029327444296460337,0.0010398394890214768,-0.002965431049874706,0.0010398394890214768,0.002965431049874706
0.1,1000,500,0.099522,0.1,1.0,0.1808884362141267,0.18181818181818182,0.10488016695725393,0.10673692377449531,0.012572550904079362,0.012370997914911055,-0.0009297456040551211,-0.0018567568172413867,0.0009297456040551211,0.0018567568172413867
0.1,5000,500,0.099952,0.1,1.0,0.18171161518217846,0.18181818181818182,0.1014683541054588,0.1016370115935372,0.005629530246024519,0.004819262611648593,-0.00010656663600336347,-0.00016865748807839975,0.00010656663600336347,0.00016865748807839975
0.2,50,500,0.19668,0.2,1.0,0.32473004298772296,0.33333333333333337,0.2545028372741737,0.27198728539194156,0.06395967130379297,0.07796360523767053,-0.008603290345610415,-0.017484448117767837,0.008603290345610415,0.017484448117767837
0.2,200,500,0.19982,0.2,1.0,0.3321664568635358,0.33333333333333337,0.21964309905742277,0.22351212379246496,0.03154735821841508,0.03428664628700804,-0.001166876469797573,-0.0038690247350421925,0.001166876469797573,0.0038690247350421925
0.2,1000,500,0.19891,0.2,1.0,0.33163029711238773,0.33333333333333337,0.20433627017460004,0.20598837668844028,0.014083942008625694,0.014466465267828452,-0.0017030362209456418,-0.0016521065138402347,0.0017030362209456418,0.0016521065138402347
0.2,5000,500,0.2001576,0.2,1.0,0.33351643758230254,0.33333333333333337,0.20140249446018635,0.20145512141647753,0.006188123164217731,0.006648238489911867,0.0001831042489691681,-5.262695629118519e-05,0.0001831042489691681,5.262695629118519e-05
0.4,50,500,0.3958,0.4,1.0,0.5633381158449938,0.5714285714285715,0.43490073046553746,0.45399046404395615,0.05843231386699045,0.08449847734267463,-0.008090455583577683,-0.0190897335784187,0.008090455583577683,0.0190897335784187
0.4,200,500,0.39924,0.4,1.0,0.5697413018682913,0.5714285714285715,0.4121610953891094,0.41763409284434877,0.027965713095098797,0.038953316640081885,-0.0016872695602802024,-0.005472997455239381,0.0016872695602802024,0.005472997455239381
0.4,1000,500,0.400216,0.4,1.0,0.5714823390755365,0.5714285714285715,0.40546427111090344,0.4044912825163302,0.012301378708774029,0.016936302197203892,5.3767646964963944e-05,0.000972988594573232,5.3767646964963944e-05,0.000972988594573232
0.4,5000,500,0.40023000000000003,0.4,1.0,0.5716305592665106,0.5714285714285715,0.40085006842797183,0.40109134106235816,0.005518522913953551,0.007956113072898825,0.00020198783793912156,-0.00024127263438633584,0.00020198783793912156,0.00024127263438633584
0.7,50,500,0.69872,0.7,1.0,0.8208799025819302,0.8235294117647058,0.7236278600202756,0.726995232021978,0.03593143433571161,0.06628455150454642,-0.0026495091827756223,-0.003367372001702451,0.0026495091827756223,0.003367372001702451
0.7,200,500,0.7002,0.7,1.0,0.8232979963645075,0.8235294117647058,0.7071079085937281,0.7088170464221744,0.0164426276001405,0.03346613158050537,-0.0002314154001983315,-0.0017091378284462833,0.0002314154001983315,0.0017091378284462833
0.7,1000,500,0.698978,0.7,1.0,0.82273673843133,0.8235294117647058,0.7012754022574026,0.702245641258165,0.007983954408119779,0.015908939272440123,-0.0007926733333758484,-0.0009702390007624295,0.0007926733333758484,0.0009702390007624295
0.7,5000,500,0.7002324,0.7,1.0,0.8236727359328248,0.8235294117647058,0.7011408423657746,0.700545670531179,0.0035083680641761067,0.007475305661835867,0.0001433241681189079,0.0005951718345955648,0.0001433241681189079,0.0005951718345955648
0.9,50,500,0.90188,0.9,1.0,0.9478902391562283,0.9473684210526316,0.9092452996935959,0.9089984106739927,0.018396862428679737,0.04124233190279652,0.0005218181035966385,0.00024688901960323584,0.0005218181035966385,0.00024688901960323584
0.9,200,500,0.9014300000000001,0.9,1.0,0.9480354452503127,0.9473684210526316,0.9037678245360039,0.9029390154740582,0.009035340297839792,0.02290507098718779,0.0006670241976810543,0.0008288090619457122,0.0006670241976810543,0.0008288090619457122
0.9,1000,500,0.901154,0.9,1.0,0.9479804779140111,0.9473684210526316,0.9017888536953371,0.900748547086055,0.00425161930648042,0.010776995531781679,0.0006120568613794397,0.0010403066092821156,0.0006120568613794397,0.0010403066092821156
0.9,5000,500,0.8998748000000001,0.9,1.0,0.9472942478218226,0.9473684210526316,0.9000036676999108,0.9001818901770597,0.001797394686051598,0.004723859654271232,-7.417323080904925e-05,-0.00017822247714893713,7.417323080904925e-05,0.00017822247714893713
